No.,ドメイン,担当者,完了日,パスワード,備考
1,21wtblau.com,加藤,,2bw7gygq,
2,wlcv0tyw.com,加藤,2023/7/18,jwzac3o7,
3,tvehusl1.com,滝藤,,n80drh3m,
4,6pm658wv.com,滝藤,2023/8/17,y80gt2x9,
5,q14z8onl.com,滝藤,,wsc73elf,
6,ird6kvoq.com,滝藤,,mghe98vu,
7,dds5pube.com,加藤,,mcii5w1v,
8,0r7xn1xd.com,滝藤,,kv5yc0tk,
9,ztjra26m.com,佐藤,2023/7/26,fqe9jdk0,
10,lje9xk4a.com,滝藤,,9mjnkr23,
11,jtykts96.com,佐藤,2023/7/21,wlt9fm5x,
12,wcjv5l3t.com,滝藤,2023/7/8,8q84gbon,
13,rc69tryj.com,佐藤,2023/7/27,sbp245nr,
14,f601m56e.com,佐藤,2023/7/18,t6pkjkx9,
15,tv5upqep.com,佐藤,2023/7/17,r9pc883g,
16,4z5h5py5.com,滝藤,2023/7/3,z2pzuz96,
17,nhojmvby.com,滝藤,,r13iqdil,
18,t34z2j5v.com,滝藤,2023/7/1,sd87t72h,
19,r3svxsss.com,加藤,,hxgrh846,
20,obe9f1a0.com,滝藤,2023/6/30,tu9tszim,
21,3ke9he68.com,滝藤,,5oksoh2d,
22,iwkhpbtn.com,佐藤,2023/7/26,9k7sh9y1,
23,8d030i3v.com,滝藤,,pus7efgi,
24,dzzgblcn.com,滝藤,2023/7/4,9azjnu7g,
25,dlsjxl94.com,佐藤,2023/7/10,n7ir5ru7,
26,xo7r1g32.com,加藤,,7ijubafw,
27,tiqdex31.com,滝藤,,zp6w9ibu,
28,tpq6hto8.com,佐藤,2023/7/16,f45fr21m,
29,0b4cyegr.com,佐藤,,5diawqfu,
30,uhxw6u25.com,滝藤,2023/6/22,o3wxkh6e,
31,5fjw5lgu.com,滝藤,2023/7/24,p2ket9ld,
32,qj6ndhpc.com,滝藤,,7xe1kl6k,
33,it6r9slw.com,加藤,,dd2lglt6,
34,9s9p41ti.com,滝藤,2023/6/25,v6py7h3d,
35,c5cenead.com,滝藤,,to07c73o,
36,epf6t3vn.com,滝藤,,3t3cfgn3,
37,zpyohprs.com,滝藤,2023/7/13,3iizbany,
38,b9tmd84j.com,滝藤,2023/6/28,vhwi1fpb,
39,43jbfzru.com,滝藤,2023/7/25,gs87eyrl,
40,dst91jhz.com,滝藤,2023/7/19,zxww4wl2,
41,i9qpz9x8.com,滝藤,,g2qgdahv,
42,gqamubnf.com,滝藤,2023/7/29,ev1uodgv,
43,aq28dgqi.com,滝藤,2023/7/13,qnjeyi89,
44,u2a4frz4.com,佐藤,,0kq1voz5,
45,fvd6cjvz.com,佐藤,,ssca5i72,
46,wwexqqgm.com,滝藤,,nzlre8o1,
47,8ddzaxlt.com,佐藤,,pfu3leg0,
48,3dqhbpg0.com,滝藤,2023/7/23,07yq12pf,
49,ymiyhs2w.com,滝藤,,tuzuj42v,
50,iq2qle2o.com,加藤,2023/7/7,cujjmr71,
51,7fd3b0fy.com,加藤,,v14jwl24,
52,vizo2bv0.com,加藤,2023/7/14,1yg430xv,
53,vi7j2sco.com,加藤,2023/7/12,q5ds30wv,
54,4e676pi7.com,佐藤,2023/7/6,gyvtq526,
55,sh21djrr.com,滝藤,2023/6/23,pz8itdcz,
56,7hnkh13v.com,加藤,2023/7/23,u5cw9aw0,
57,2vpcref1.com,滝藤,,srvxahaz,
58,ffrabof1.com,滝藤,2023/7/28,0sgqhad5,
59,qfj58ne6.com,滝藤,,vs9ixkrr,
60,hyjegfpe.com,佐藤,2023/7/21,ee558nep,
61,ta5m7n6h.com,滝藤,2023/8/20,mw1933kz,
62,sz6pegi0.com,滝藤,,2vm0dvrj,
63,s12yiq7b.com,加藤,2023/7/15,bk9ssqs0,
64,486zncr8.com,滝藤,2023/7/15,t55bp3ty,
65,oeze7dtq.com,加藤,2023/7/17,38wh9yiw,
66,5ym8xkzz.com,滝藤,2023/8/22,luj2n504,
67,exu9z47p.com,滝藤,2023/7/9,otw1q495,
68,aqr23cgu.com,滝藤,2023/6/27,8qm1wfpu,
69,zzay9e56.com,滝藤,,b2kzoq13,
70,2pl5lomm.com,滝藤,2023/7/14,cz89d1a9,
71,roc2ga99.com,滝藤,2023/7/24,ca67qacz,
72,ucsxmzvu.com,滝藤,2023/7/25,gcypwsq7,
73,0lyknfvo.com,佐藤,,gwy99key,
74,n8m1gxvi.com,滝藤,2023/7/22,xtm6igpy,
75,0v3wcv4y.com,加藤,2023/7/16,372njama,
76,fn66sgwc.com,滝藤,2023/7/2,fuuw5c6p,
77,fsfk1m1x.com,佐藤,,5na6lhvq,
78,dihjw5x8.com,滝藤,2023/8/21,sl7opsuh,
79,v7t2r766.com,滝藤,2023/7/20,152jhyg9,
80,sozh5v2t.com,滝藤,2023/7/22,gcghglld,
81,zv15wgkf.com,加藤,2023/6/29,3io9of2y,
82,sobechcp.com,加藤,2023/8/16,i6esd1uo,
83,ujs4pk2y.com,加藤,2023/7/19,uq4abx2t,
84,ivy1x0rv.com,滝藤,,mvwt5vh3,
85,whw27d19.com,加藤,2023/6/24,13ygi3f4,
86,m9kwfviu.com,滝藤,,ry4ybh2y,
87,c6v9v7xa.com,加藤,,t6ps7n1z,
88,94myhkxt.com,滝藤,,v3ko7yyy,
89,e4rpa4tt.com,滝藤,,xubvcrae,
90,sr1quky4.com,滝藤,,zaskqf4c,
91,jev9vqa9.com,加藤,2023/8/19,27xwg2hb,
92,fwjnk2u4.com,滝藤,,9cdfmpid,
93,7iqerpob.com,滝藤,,4ki7oqq8,
94,radj02zj.com,加藤,2023/6/26,nag6h7bu,
95,nwjm0h4c.com,滝藤,2023/7/20,qfrmf4l5,
96,6kvuzua9.com,滝藤,,fean2svt,
97,2cfclmhq.com,滝藤,2023/8/18,a2aov5vb,
98,2psaz8gy.com,滝藤,2023/7/11,zmycnjfw,
99,eu2btedj.com,加藤,,62hws1qq,
100,b5t988t1.com,滝藤,,un2mmsoe,
